1,$2a$12$ix6wIe2lfx1cqUsG9UB.z.ipP/BxtTMsHuHWCFqfg.wTAEBazz1YO,min@gmail.com,Neo,Nguyen,1 Main St,M,R1,1111111111,P1,,2023-08-02 7:21,2023-08-02 7:24
2,$2a$12$ix6wIe2lfx1cqUsG9UB.z.ipP/BxtTMsHuHWCFqfg.wTAEBazz1YO,user1@example.com,John,Doe,123 Main St,M,R2,1234567890,P2,,2023-08-03 7:22,2023-08-03 7:25
3,$2a$12$ix6wIe2lfx1cqUsG9UB.z.ipP/BxtTMsHuHWCFqfg.wTAEBazz1YO,user2@example.com,Jane,Smith,456 Elm Ave,F,R2,9876543210,P1,,2023-08-04 7:23,2023-08-04 7:26
4,$2a$12$ix6wIe2lfx1cqUsG9UB.z.ipP/BxtTMsHuHWCFqfg.wTAEBazz1YO,user3@example.com,Michael,Johnson,789 Oak St,M,R2,5551234567,P3,,2023-08-05 7:24,2023-08-05 7:27
5,$2a$12$ix6wIe2lfx1cqUsG9UB.z.ipP/BxtTMsHuHWCFqfg.wTAEBazz1YO,user4@example.com,Amy,Williams,567 Pine Rd,F,R2,7894561230,P3,,2023-08-06 7:25,2023-08-06 7:28
6,$2a$12$ix6wIe2lfx1cqUsG9UB.z.ipP/BxtTMsHuHWCFqfg.wTAEBazz1YO,user5@example.com,David,Jones,890 Maple Ln,O,R2,2223334444,P4,,2023-08-07 7:26,2023-08-07 7:29
7,$2a$12$ix6wIe2lfx1cqUsG9UB.z.ipP/BxtTMsHuHWCFqfg.wTAEBazz1YO,user6@example.com,Emily,Anderson,234 Oak St,F,R2,5557891234,P3,,2023-08-08 7:27,2023-08-08 7:30
8,$2a$12$ix6wIe2lfx1cqUsG9UB.z.ipP/BxtTMsHuHWCFqfg.wTAEBazz1YO,user7@example.com,William,Miller,678 Elm Ave,M,R2,9998887777,P4,,2023-08-09 7:28,2023-08-09 7:31
9,$2a$12$ix6wIe2lfx1cqUsG9UB.z.ipP/BxtTMsHuHWCFqfg.wTAEBazz1YO,user8@example.com,Sophia,Brown,456 Pine Rd,F,R2,1112223333,P3,,2023-08-10 7:29,2023-08-10 7:32
10,$2a$12$ix6wIe2lfx1cqUsG9UB.z.ipP/BxtTMsHuHWCFqfg.wTAEBazz1YO,user9@example.com,Christopher,Davis,901 Maple Ln,M,R2,4445556666,P3,,2023-08-11 7:30,2023-08-11 7:33
11,$2a$12$ix6wIe2lfx1cqUsG9UB.z.ipP/BxtTMsHuHWCFqfg.wTAEBazz1YO,user10@example.com,Olivia,Garcia,345 Oak St,F,R2,7776665555,P5,,2023-08-12 7:31,2023-08-12 7:34
12,$2a$12$ix6wIe2lfx1cqUsG9UB.z.ipP/BxtTMsHuHWCFqfg.wTAEBazz1YO,user11@example.com,Thomas,Johnson,123 Elm St,M,R2,8887776666,P2,,2023-08-13 7:32,2023-08-13 7:35
13,$2a$12$ix6wIe2lfx1cqUsG9UB.z.ipP/BxtTMsHuHWCFqfg.wTAEBazz1YO,user12@example.com,Grace,Walker,456 Oak Ave,F,R2,5556667777,P5,,2023-08-14 7:33,2023-08-14 7:36
14,$2a$12$ix6wIe2lfx1cqUsG9UB.z.ipP/BxtTMsHuHWCFqfg.wTAEBazz1YO,user13@example.com,Liam,Davis,789 Pine St,M,R2,2223334444,P4,,2023-08-15 7:34,2023-08-15 7:37
15,$2a$12$ix6wIe2lfx1cqUsG9UB.z.ipP/BxtTMsHuHWCFqfg.wTAEBazz1YO,user14@example.com,Peter,Walker,456 Elm Ave,M,R2,7778889999,P5,,2023-08-16 7:35,2023-08-16 7:38
16,$2a$12$ix6wIe2lfx1cqUsG9UB.z.ipP/BxtTMsHuHWCFqfg.wTAEBazz1YO,user15@example.com,Jackson,Smith,789 Oak St,M,R2,1234567890,P4,,2023-08-17 7:36,2023-08-17 7:39
17,$2a$12$ix6wIe2lfx1cqUsG9UB.z.ipP/BxtTMsHuHWCFqfg.wTAEBazz1YO,user16@example.com,Olivia,Walker,890 Elm Ave,O,R2,4445556666,P2,,2023-08-18 7:37,2023-08-18 7:40
18,$2a$12$ix6wIe2lfx1cqUsG9UB.z.ipP/BxtTMsHuHWCFqfg.wTAEBazz1YO,user17@example.com,Liam,Jones,123 Oak St,M,R2,9998887777,P4,,2023-08-19 7:38,2023-08-19 7:41
19,$2a$12$ix6wIe2lfx1cqUsG9UB.z.ipP/BxtTMsHuHWCFqfg.wTAEBazz1YO,user18@example.com,Sophia,Martin,456 Pine Rd,F,R2,5556667777,P5,,2023-08-20 7:39,2023-08-20 7:42
20,$2a$12$ix6wIe2lfx1cqUsG9UB.z.ipP/BxtTMsHuHWCFqfg.wTAEBazz1YO,user19@example.com,Alex,Williams,789 Oak St,M,R2,1112223333,P2,,2023-08-21 7:40,2023-08-21 7:43
21,$2a$12$ix6wIe2lfx1cqUsG9UB.z.ipP/BxtTMsHuHWCFqfg.wTAEBazz1YO,user20@example.com,Maria,Miller,456 Elm Ave,F,R2,7778889999,P3,,2023-08-22 7:41,2023-08-22 7:44
